epoch,time,train/box_loss,train/cls_loss,train/dfl_loss,metrics/precision(B),metrics/recall(B),metrics/mAP50(B),metrics/mAP50-95(B),val/box_loss,val/cls_loss,val/dfl_loss,lr/pg0,lr/pg1,lr/pg2
1,222.972,0.71578,4.33018,0.89426,0,0,0,0,0.8472,4.633,0.92178,0.07822,0.00022,0.00022
2,456.853,0.61151,3.77564,0.84406,0,0,0,0,0.607,4.34441,0.81068,0.0554455,0.000445545,0.000445545
3,694.095,0.56766,3.56683,0.8461,0,0,0,0,0.54254,4.13514,0.79859,0.0326665,0.000666536,0.000666536
4,874.189,0.5477,3.31915,0.84762,0,0,0,0,0.5613,3.80231,0.80905,0.00988297,0.000882973,0.000882973
5,1028.49,0.52636,3.16679,0.83983,0.01923,0.0024,0.01082,0.00974,0.5268,3.46905,0.80701,0.0009604,0.0009604,0.0009604
6,1184.66,0.52494,3.05429,0.84231,0.0235,0.00726,0.01386,0.01247,0.50116,3.18594,0.81634,0.0009505,0.0009505,0.0009505
7,1342.02,0.51558,2.94027,0.83565,0.01973,0.03913,0.01749,0.01574,0.50065,3.2444,0.81752,0.0009406,0.0009406,0.0009406
8,1500.71,0.51391,2.84056,0.84224,0.03391,0.05507,0.0257,0.02263,0.48097,3.03094,0.81603,0.0009307,0.0009307,0.0009307
9,1658.76,0.50781,2.74422,0.8431,0.07658,0.27698,0.09239,0.08547,0.48572,3.07435,0.82559,0.0009208,0.0009208,0.0009208
10,1819.29,0.49838,2.66777,0.84338,0.09756,0.11915,0.07775,0.07035,0.48698,2.78494,0.81825,0.0009109,0.0009109,0.0009109
11,1977.89,0.50248,2.56931,0.84876,0.07733,0.10375,0.07251,0.06788,0.4781,2.59196,0.82355,0.000901,0.000901,0.000901
12,2137.77,0.49186,2.48922,0.8345,0.1042,0.14915,0.10495,0.09504,0.49547,2.56312,0.83552,0.0008911,0.0008911,0.0008911
13,2295.12,0.49059,2.39974,0.84603,0.07455,0.14734,0.09434,0.08562,0.48503,2.46352,0.84036,0.0008812,0.0008812,0.0008812
14,2456.6,0.48495,2.30548,0.84246,0.15942,0.17927,0.14829,0.13426,0.49517,2.3304,0.83761,0.0008713,0.0008713,0.0008713
15,2615.13,0.48795,2.25938,0.84096,0.07919,0.12703,0.09691,0.0886,0.4852,2.27605,0.83536,0.0008614,0.0008614,0.0008614
16,2773.67,0.48303,2.20419,0.8483,0.10984,0.14904,0.13624,0.12674,0.48218,2.24163,0.8353,0.0008515,0.0008515,0.0008515
17,2933.75,0.48207,2.15913,0.84417,0.12235,0.20179,0.14684,0.13651,0.47984,2.17617,0.84043,0.0008416,0.0008416,0.0008416
18,3093.8,0.47464,2.1036,0.8491,0.13538,0.17005,0.13804,0.12746,0.46276,2.16751,0.83273,0.0008317,0.0008317,0.0008317
19,3252.21,0.46946,2.04894,0.84591,0.16494,0.23379,0.19484,0.17762,0.46377,2.02129,0.83714,0.0008218,0.0008218,0.0008218
20,3409.4,0.4665,2.02368,0.85366,0.21313,0.2739,0.2382,0.21903,0.47012,1.95894,0.84393,0.0008119,0.0008119,0.0008119
21,3570.39,0.46923,1.98025,0.84898,0.22492,0.27657,0.25814,0.23675,0.47469,1.92958,0.84206,0.000802,0.000802,0.000802
22,3733.2,0.47178,1.9334,0.84981,0.28705,0.2726,0.28564,0.26245,0.46562,1.88251,0.83483,0.0007921,0.0007921,0.0007921
23,3892.25,0.47261,1.88091,0.84015,0.31725,0.44971,0.36873,0.34055,0.47592,1.81322,0.84548,0.0007822,0.0007822,0.0007822
24,4051.68,0.46963,1.86476,0.85106,0.3033,0.32019,0.32166,0.29401,0.46199,1.82183,0.83341,0.0007723,0.0007723,0.0007723
25,4209.9,0.46223,1.79892,0.84213,0.29013,0.49372,0.38515,0.35351,0.46569,1.74356,0.83752,0.0007624,0.0007624,0.0007624
26,4370.06,0.46478,1.76373,0.83667,0.32482,0.4265,0.39297,0.36231,0.45374,1.67313,0.83285,0.0007525,0.0007525,0.0007525
27,4527.73,0.46885,1.70906,0.84415,0.41265,0.48817,0.50116,0.46376,0.4506,1.61002,0.83079,0.0007426,0.0007426,0.0007426
28,4685.87,0.4584,1.66002,0.84483,0.42997,0.60677,0.54446,0.50337,0.46086,1.53839,0.83824,0.0007327,0.0007327,0.0007327
29,4844.89,0.46129,1.64159,0.8498,0.46576,0.56658,0.55667,0.51664,0.46019,1.49985,0.83301,0.0007228,0.0007228,0.0007228
30,5002.93,0.46018,1.56467,0.84512,0.4498,0.64903,0.59777,0.55776,0.45913,1.44337,0.83629,0.0007129,0.0007129,0.0007129
31,5160.55,0.45422,1.56784,0.84505,0.51855,0.64853,0.62889,0.58145,0.45856,1.36947,0.8375,0.000703,0.000703,0.000703
32,5319.77,0.45443,1.49207,0.84628,0.48907,0.62588,0.58979,0.54931,0.45794,1.46275,0.83628,0.0006931,0.0006931,0.0006931
33,5476.35,0.44865,1.4372,0.84628,0.59343,0.71787,0.7238,0.67132,0.45273,1.24535,0.83678,0.0006832,0.0006832,0.0006832
34,5635.77,0.45037,1.40033,0.83547,0.68417,0.71586,0.75309,0.69793,0.46904,1.22217,0.8437,0.0006733,0.0006733,0.0006733
35,5794.71,0.45277,1.34584,0.84901,0.57246,0.71387,0.69987,0.65109,0.45593,1.24097,0.83722,0.0006634,0.0006634,0.0006634
36,5951.01,0.44944,1.33707,0.84844,0.72111,0.72865,0.799,0.74416,0.44829,1.109,0.83614,0.0006535,0.0006535,0.0006535
37,6108.99,0.45983,1.30078,0.84228,0.74255,0.73704,0.80237,0.74774,0.4478,1.07842,0.83871,0.0006436,0.0006436,0.0006436
38,6268.11,0.44572,1.2259,0.83816,0.72992,0.74682,0.79819,0.74478,0.45861,1.03987,0.8374,0.0006337,0.0006337,0.0006337
39,6429.13,0.45164,1.18925,0.84337,0.67199,0.82487,0.80643,0.75348,0.45845,1.02823,0.8338,0.0006238,0.0006238,0.0006238
40,6589.78,0.44877,1.17013,0.84155,0.80892,0.75892,0.85598,0.79723,0.45734,0.94467,0.82923,0.0006139,0.0006139,0.0006139
41,6751.17,0.43933,1.11439,0.83154,0.76203,0.7735,0.84049,0.78869,0.44481,0.93749,0.83197,0.000604,0.000604,0.000604
42,6912.53,0.44933,1.12064,0.8443,0.82048,0.80121,0.86351,0.80509,0.43825,0.8907,0.83126,0.0005941,0.0005941,0.0005941
43,7072.73,0.43522,1.01902,0.84058,0.80612,0.82048,0.87998,0.81764,0.44979,0.85177,0.83365,0.0005842,0.0005842,0.0005842
44,7232.43,0.44935,1.0571,0.84132,0.85618,0.8271,0.90864,0.8457,0.44891,0.81345,0.83641,0.0005743,0.0005743,0.0005743
45,7392.82,0.44409,1.02771,0.84499,0.82971,0.82817,0.90684,0.8465,0.45054,0.80341,0.8365,0.0005644,0.0005644,0.0005644
46,7554.27,0.4445,0.99062,0.83859,0.89794,0.83394,0.92474,0.86307,0.44585,0.74929,0.83307,0.0005545,0.0005545,0.0005545
47,7715.83,0.45345,0.97946,0.8441,0.90044,0.85391,0.92325,0.86079,0.44655,0.74438,0.83377,0.0005446,0.0005446,0.0005446
48,7876.02,0.44699,0.95652,0.83722,0.91435,0.85186,0.92809,0.86864,0.44377,0.73038,0.83284,0.0005347,0.0005347,0.0005347
49,8036.63,0.43917,0.95295,0.83413,0.7889,0.83029,0.87992,0.81395,0.46011,0.82371,0.83505,0.0005248,0.0005248,0.0005248
50,8195.99,0.43482,0.89615,0.83416,0.85638,0.85318,0.9111,0.84904,0.44343,0.762,0.82954,0.0005149,0.0005149,0.0005149
51,8357.74,0.43302,0.88485,0.83675,0.88662,0.88406,0.93671,0.87258,0.44475,0.69601,0.82802,0.000505,0.000505,0.000505
52,8517.25,0.44211,0.87118,0.8384,0.91809,0.88954,0.94805,0.88505,0.44152,0.65505,0.83188,0.0004951,0.0004951,0.0004951
53,8678.89,0.43832,0.89553,0.83681,0.93189,0.88075,0.95247,0.89072,0.44236,0.6405,0.83239,0.0004852,0.0004852,0.0004852
54,8838.72,0.43705,0.86345,0.83895,0.93707,0.88939,0.95561,0.89169,0.43292,0.62726,0.82664,0.0004753,0.0004753,0.0004753
55,9000.37,0.43577,0.8728,0.82975,0.92687,0.89959,0.95547,0.89342,0.43584,0.61822,0.82706,0.0004654,0.0004654,0.0004654
56,9165.11,0.42906,0.84214,0.83482,0.93775,0.88836,0.95065,0.89214,0.43117,0.62318,0.82514,0.0004555,0.0004555,0.0004555
57,9319.62,0.43003,0.7987,0.83642,0.94272,0.89926,0.9562,0.8942,0.43302,0.57461,0.83144,0.0004456,0.0004456,0.0004456
58,9473.31,0.43249,0.81582,0.83349,0.94335,0.8934,0.9604,0.8945,0.44214,0.59445,0.82942,0.0004357,0.0004357,0.0004357
59,9628.21,0.42796,0.78393,0.83674,0.92036,0.92808,0.95945,0.89527,0.45108,0.55734,0.83416,0.0004258,0.0004258,0.0004258
60,9784.91,0.4304,0.78427,0.83515,0.95439,0.89113,0.96188,0.89891,0.43966,0.56849,0.82933,0.0004159,0.0004159,0.0004159
61,9939.32,0.42307,0.75744,0.8353,0.91923,0.91101,0.9594,0.89773,0.44225,0.5783,0.83392,0.000406,0.000406,0.000406
62,10097.6,0.43057,0.75424,0.83681,0.93714,0.91219,0.96294,0.89935,0.44006,0.55799,0.83038,0.0003961,0.0003961,0.0003961
63,10259.7,0.42197,0.75908,0.83313,0.92458,0.92064,0.96379,0.8993,0.43739,0.56462,0.8263,0.0003862,0.0003862,0.0003862
64,10505,0.42224,0.74063,0.8321,0.92578,0.93926,0.96899,0.90363,0.44292,0.51249,0.82844,0.0003763,0.0003763,0.0003763
65,10759.2,0.4188,0.72828,0.83394,0.94044,0.91561,0.96835,0.90541,0.42908,0.52817,0.82367,0.0003664,0.0003664,0.0003664
66,11007,0.41529,0.70992,0.83451,0.94645,0.92357,0.96649,0.90431,0.43053,0.53289,0.82225,0.0003565,0.0003565,0.0003565
67,11247.3,0.42217,0.69594,0.83256,0.95858,0.91546,0.97124,0.90551,0.44075,0.51038,0.82431,0.0003466,0.0003466,0.0003466
68,11490.1,0.42135,0.72258,0.82392,0.96205,0.93034,0.97187,0.91187,0.4345,0.49233,0.82366,0.0003367,0.0003367,0.0003367
69,11712.5,0.42176,0.72661,0.83441,0.95647,0.93128,0.96649,0.90397,0.43231,0.50727,0.82341,0.0003268,0.0003268,0.0003268
70,11923,0.41898,0.6863,0.83535,0.94852,0.93103,0.97027,0.90518,0.432,0.49783,0.82272,0.0003169,0.0003169,0.0003169
71,12170.3,0.42558,0.73492,0.83215,0.95651,0.92819,0.97107,0.908,0.43186,0.49769,0.82373,0.000307,0.000307,0.000307
72,12413.8,0.42164,0.69684,0.82713,0.95383,0.93331,0.97509,0.91075,0.43409,0.49024,0.82513,0.0002971,0.0002971,0.0002971
73,12617.2,0.4121,0.67985,0.8309,0.94372,0.92846,0.96755,0.90806,0.43083,0.49566,0.82354,0.0002872,0.0002872,0.0002872
74,12827.5,0.41142,0.66686,0.82909,0.95501,0.91891,0.9694,0.90434,0.43532,0.48919,0.8228,0.0002773,0.0002773,0.0002773
75,13082.7,0.41328,0.66995,0.82586,0.95373,0.92723,0.97231,0.91032,0.43504,0.4824,0.82641,0.0002674,0.0002674,0.0002674
76,13311.5,0.40757,0.63931,0.83073,0.96333,0.92474,0.97601,0.91288,0.43288,0.46663,0.8249,0.0002575,0.0002575,0.0002575
77,13537.5,0.41117,0.63703,0.83193,0.92959,0.95959,0.98009,0.9196,0.42604,0.46298,0.82162,0.0002476,0.0002476,0.0002476
78,13767.2,0.40582,0.64525,0.8325,0.93865,0.93965,0.97941,0.91628,0.43481,0.45938,0.82586,0.0002377,0.0002377,0.0002377
79,13965.9,0.41152,0.66655,0.83197,0.93214,0.9459,0.97216,0.91063,0.42871,0.47077,0.82374,0.0002278,0.0002278,0.0002278
80,14164.4,0.4057,0.65061,0.82621,0.94829,0.94206,0.97049,0.9088,0.43262,0.46716,0.82466,0.0002179,0.0002179,0.0002179
81,14323.3,0.40512,0.64944,0.82659,0.96245,0.92767,0.97492,0.90869,0.43421,0.45792,0.8241,0.000208,0.000208,0.000208
82,14483.8,0.40524,0.6408,0.82542,0.9648,0.93192,0.97887,0.91702,0.42794,0.45792,0.82045,0.0001981,0.0001981,0.0001981
83,14646,0.40723,0.66276,0.8268,0.96064,0.93346,0.97635,0.91081,0.4331,0.45058,0.82364,0.0001882,0.0001882,0.0001882
84,14820.1,0.41187,0.61507,0.83633,0.95518,0.94069,0.97881,0.91378,0.44154,0.45066,0.82458,0.0001783,0.0001783,0.0001783
85,15026,0.40261,0.61061,0.83018,0.97081,0.93306,0.97585,0.91099,0.44227,0.44849,0.82603,0.0001684,0.0001684,0.0001684
86,15182.7,0.39645,0.59927,0.8302,0.96129,0.93644,0.97711,0.91231,0.43765,0.44212,0.82544,0.0001585,0.0001585,0.0001585
87,15340.8,0.39846,0.62761,0.83484,0.96356,0.94362,0.97494,0.91079,0.42859,0.44009,0.82289,0.0001486,0.0001486,0.0001486
88,15498.8,0.405,0.64773,0.83489,0.94524,0.96171,0.97798,0.91253,0.43316,0.43385,0.82436,0.0001387,0.0001387,0.0001387
89,15659.5,0.4041,0.631,0.82658,0.94154,0.95996,0.97712,0.90931,0.43493,0.4317,0.82459,0.0001288,0.0001288,0.0001288
90,15815.8,0.40275,0.62901,0.82858,0.95833,0.94072,0.97621,0.9127,0.4297,0.42466,0.82182,0.0001189,0.0001189,0.0001189
91,15968.8,0.40502,0.54223,0.82855,0.96089,0.93399,0.97355,0.91012,0.4301,0.45375,0.82347,0.000109,0.000109,0.000109
92,16123,0.40242,0.5308,0.82732,0.94389,0.93752,0.96509,0.90233,0.43142,0.47202,0.82478,9.91e-05,9.91e-05,9.91e-05
93,16275.6,0.3994,0.52001,0.82741,0.9659,0.92979,0.9709,0.9107,0.4287,0.45208,0.82533,8.92e-05,8.92e-05,8.92e-05
94,16430.8,0.39474,0.50251,0.82944,0.96483,0.93792,0.97418,0.91187,0.42463,0.4444,0.82284,7.93e-05,7.93e-05,7.93e-05
95,16589.7,0.39278,0.48956,0.82631,0.96651,0.94007,0.97539,0.91626,0.42323,0.42933,0.82196,6.94e-05,6.94e-05,6.94e-05
96,16748.5,0.39195,0.48612,0.82477,0.96553,0.94029,0.97873,0.91761,0.4247,0.42378,0.82233,5.95e-05,5.95e-05,5.95e-05
97,16905.9,0.38703,0.48918,0.81507,0.97145,0.93522,0.97878,0.92086,0.4238,0.41956,0.82201,4.96e-05,4.96e-05,4.96e-05
98,17058.2,0.39224,0.48425,0.82481,0.97419,0.93507,0.97733,0.91722,0.42695,0.41798,0.82262,3.97e-05,3.97e-05,3.97e-05
99,17216.7,0.38988,0.49176,0.82782,0.97328,0.93361,0.97823,0.91561,0.42774,0.41591,0.82273,2.98e-05,2.98e-05,2.98e-05
100,17374.1,0.38722,0.47465,0.82424,0.97334,0.9307,0.97707,0.91743,0.42714,0.41638,0.82299,1.99e-05,1.99e-05,1.99e-05
